Year,Film,Director(s),Producer(s),Country
"2000
(54th)",Gladiator,Ridley Scott,"David Franzoni, Branko Lustig, Douglas Wick","United States
United Kingdom"
"2000
(54th)",Almost Famous,Cameron Crowe,"Ian Bryce, Cameron Crowe",United States
"2000
(54th)",Billy Elliot,Stephen Daldry,"Greg Brenman, Jon Finn",United Kingdom
"2000
(54th)","Crouching Tiger, Hidden Dragon",Ang Lee,"Hsu Li-kong, Bill Kong, Ang Lee","Taiwan
China
Hong Kong"
"2000
(54th)",Erin Brockovich,Steven Soderbergh,"Danny DeVito, Michael Shamberg, Stacey Sher",United States
"2001
(55th)",The Lord of the Rings: The Fellowship of the Ring,Peter Jackson,"Peter Jackson, Barrie M. Osborne, Tim Sanders, Fran Walsh","New Zealand
United States"
"2001
(55th)",Amélie,Jean-Pierre Jeunet,"Jean-Marc Deschamps, Claudie Ossard",France
"2001
(55th)",A Beautiful Mind,Ron Howard,"Brian Grazer, Ron Howard",United States
"2001
(55th)",Moulin Rouge!,Baz Luhrmann,"Fred Baron, Martin Brown, Baz Luhrmann","Australia
United States"
"2001
(55th)",Shrek,"Andrew Adamson, Vicky Jenson","Jeffrey Katzenberg, Aron Warner, John H. Williams",United States
"2002
(56th)",The Pianist,Roman Polanski,"Robert Benmussa, Roman Polanski, Alain Sarde","France
Germany
United Kingdom
Poland"
"2002
(56th)",Chicago,Rob Marshall,Martin Richards,United States
"2002
(56th)",Gangs of New York,Martin Scorsese,"Alberto Grimaldi, Harvey Weinstein",United States
"2002
(56th)",The Hours,Stephen Daldry,"Robert Fox, Scott Rudin","United States
United Kingdom"
"2002
(56th)",The Lord of the Rings: The Two Towers,Peter Jackson,"Peter Jackson, Barrie M. Osborne, Fran Walsh","New Zealand
United States"
"2003
(57th)",The Lord of the Rings: The Return of the King,Peter Jackson,"Peter Jackson, Barrie M. Osborne, Fran Walsh","New Zealand
United States"
"2003
(57th)",Big Fish,Tim Burton,"Bruce Cohen, Dan Jinks, Richard D. Zanuck",United States
"2003
(57th)",Cold Mountain,Anthony Minghella,"Albert Berger, William Horberg, Sydney Pollack, Ron Yerxa","United States
United Kingdom"
"2003
(57th)",Lost in Translation,Sofia Coppola,"Sofia Coppola, Ross Katz",United States
"2003
(57th)",Master and Commander: The Far Side of the World,Peter Weir,"Samuel Goldwyn Jr., Duncan Henderson, Peter Weir",United States
"2004
(58th)",The Aviator,Martin Scorsese,"Sandy Climan, Charles Evans, Jr., Graham King, Michael Mann",United States
"2004
(58th)",Eternal Sunshine of the Spotless Mind,Michel Gondry,"Anthony Bregman, Steve Golin",United States
"2004
(58th)",Finding Neverland,Marc Forster,"Nellie Bellflower, Richard N. Gladstein","United Kingdom
United States"
"2004
(58th)",The Motorcycle Diaries,Walter Salles,"Michael Nozik, Edgard Tenenbaum, Karen Tenkhoff","Argentina
Brazil"
"2004
(58th)",Vera Drake,Mike Leigh,"Simon Channing-Williams, Alain Sarde",United Kingdom
"2005
(59th)",Brokeback Mountain,Ang Lee,"Diana Ossana, James Schamus",United States
"2005
(59th)",Capote,Bennett Miller,"Caroline Baron, Michael Ohoven, William Vince","United States
Canada"
"2005
(59th)",The Constant Gardener,Fernando Meirelles,Simon Channing Williams,United Kingdom
"2005
(59th)",Crash,Paul Haggis,"Don Cheadle, Cathy Schulman, Bob Yari",United States
"2005
(59th)","Good Night, and Good Luck.",George Clooney,Grant Heslov,United States
"2006
(60th)",The Queen,Stephen Frears,"Tracey Seaward, Christine Langan, Andy Harries",United Kingdom
"2006
(60th)",Babel,Alejandro González Iñárritu,"Alejandro González Iñárritu, Jon Kilik, Steve Golin","United States
Mexico"
"2006
(60th)",The Departed,Martin Scorsese,"Brad Pitt, Brad Grey, Graham King",United States
"2006
(60th)",The Last King of Scotland,Kevin Macdonald,"Andrea Calderwood, Lisa Bryer, Charles Steel",United Kingdom
"2006
(60th)",Little Miss Sunshine,"Jonathan Dayton, Valerie Faris","David T. Friendly, Peter Saraf, Marc Turtletaub",United States
"2007
(61st)",Atonement,Joe Wright,"Tim Bevan, Eric Fellner, Paul Webster",United Kingdom
"2007
(61st)",American Gangster,Ridley Scott,"Brian Grazer, Ridley Scott",United States
"2007
(61st)",The Lives of Others,Florian Henckel von Donnersmarck,"Quirin Berg, Max Wiedemann",Germany
"2007
(61st)",No Country for Old Men,Joel and Ethan Coen,"Joel and Ethan Coen, Scott Rudin",United States
"2007
(61st)",There Will Be Blood,Paul Thomas Anderson,"JoAnne Sellar, Daniel Lupi",United States
"2008
(62nd)",Slumdog Millionaire,Danny Boyle,Christian Colson,United Kingdom
"2008
(62nd)",The Curious Case of Benjamin Button,David Fincher,"Kathleen Kennedy, Frank Marshall, Ray Stark",United States
"2008
(62nd)",Frost/Nixon,Ron Howard,"Ron Howard, Brian Grazer, Tim Bevan, Eric Fellner","United States
United Kingdom"
"2008
(62nd)",Milk,Gus Van Sant,"Dan Jinks, Bruce Cohen",United States
"2008
(62nd)",The Reader,Stephen Daldry,"Anthony Minghella, Sydney Pollack, Scott Rudin","United States
Germany"
"2009
(63rd)",The Hurt Locker,Kathryn Bigelow,"Kathryn Bigelow, Mark Boal, Nicolas Chartier, Greg Shapiro",United States
"2009
(63rd)",Avatar,James Cameron,"James Cameron, Jon Landau",United States
"2009
(63rd)",An Education,Lone Scherfig,"Finola Dwyer, Amanda Posey","United States
United Kingdom"
"2009
(63rd)",Precious,Lee Daniels,"Lee Daniels, Sarah Siegel-Magness, Gary Magness",United States
"2009
(63rd)",Up in the Air,Jason Reitman,"Ivan Reitman, Jason Reitman, Daniel Dubiecki",United States
"2010
(64th)",The King's Speech,Tom Hooper,"Iain Canning, Emile Sherman, Gareth Unwin","United Kingdom
Australia"
"2010
(64th)",Black Swan,Darren Aronofsky,"Darren Aronofsky, Scott Franklin, Mike Medavoy, Arnold Messer, Brian Oliver",United States
"2010
(64th)",Inception,Christopher Nolan,"Christopher Nolan, Emma Thomas","United States
United Kingdom"
"2010
(64th)",The Social Network,David Fincher,"David Fincher, Scott Rudin, Dana Brunetti, Michael De Luca, Ceán Chaffin, Kevin Spacey",United States
"2010
(64th)",True Grit,Joel and Ethan Coen,"Joel and Ethan Coen, Scott Rudin",United States
"2011
(65th)",The Artist,Michel Hazanavicius,Thomas Langmann,France
"2011
(65th)",The Descendants,Alexander Payne,"Alexander Payne, Jim Taylor, Jim Burke",United States
"2011
(65th)",Drive,Nicolas Winding Refn,"Adam Siegel, Marc Platt",United States
"2011
(65th)",The Help,Tate Taylor,"Brunson Green, Chris Columbus, Michael Barnathan",United States
"2011
(65th)",Tinker Tailor Soldier Spy,Tomas Alfredson,"Tim Bevan, Robyn Slovo, Eric Fellner",United States
"2012
(66th)",Argo,Ben Affleck,"Grant Heslov, Ben Affleck, George Clooney",United States
"2012
(66th)",Les Misérables,Tom Hooper,"Tim Bevan, Eric Fellner, Debra Hayward, Cameron Mackintosh","United States
United Kingdom"
"2012
(66th)",Life of Pi,Ang Lee,"Gil Netter, Ang Lee, David Womark","United States
Canada"
"2012
(66th)",Lincoln,Steven Spielberg,"Steven Spielberg, Kathleen Kennedy",United States
"2012
(66th)",Zero Dark Thirty,Kathryn Bigelow,"Mark Boal, Kathryn Bigelow, Megan Ellison",United States
"2013
(67th)",12 Years a Slave,Steve McQueen,"Brad Pitt, Anthony Katagas, Dede Gardner, Jeremy Kleiner, Steve McQueen","United States
United Kingdom"
"2013
(67th)",American Hustle,David O. Russell,"Charles Roven, Richard Suckle, Megan Ellison, Jonathan Gordon",United States
"2013
(67th)",Captain Phillips,Paul Greengrass,"Scott Rudin, Dana Brunetti, Michael De Luca",United States
"2013
(67th)",Gravity,Alfonso Cuarón,"Alfonso Cuarón, David Heyman","United States
United Kingdom"
"2013
(67th)",Philomena,Stephen Frears,"Gabrielle Tana, Steve Coogan, Tracey Seaward",United Kingdom
"2014
(68th)",Boyhood,Richard Linklater,"Richard Linklater, Cathleen Sutherland",United States
"2014
(68th)",Birdman or (The Unexpected Virtue of Ignorance),Alejandro G. Iñárritu,"Alejandro G. Iñárritu, John Lesher, James W. Skotchdopole",United States
"2014
(68th)",The Grand Budapest Hotel,Wes Anderson,"Wes Anderson, Scott Rudin, Steven Rales, Jeremy Dawson",United States
"2014
(68th)",The Imitation Game,Morten Tyldum,"Nora Grossman, Ido Ostrowsky, Teddy Schwarzman",United States
"2014
(68th)",The Theory of Everything,James Marsh,"Tim Bevan, Eric Fellner, Lisa Bruce, Anthony McCarten",United Kingdom
"2015
(69th)",The Revenant,Alejandro G. Iñárritu,"Steve Golin, Alejandro G. Iñárritu, Arnon Milchan, Mary Parent, Keith Redmon",United States
"2015
(69th)",The Big Short,Adam McKay,"Dede Gardner, Jeremy Kleiner, Brad Pitt",United States
"2015
(69th)",Bridge of Spies,Steven Spielberg,"Kristie Macosko Krieger, Marc Platt, Steven Spielberg",United States
"2015
(69th)",Carol,Todd Haynes,"Elizabeth Karlsen, Christine Vachon, Stephen Woolley","United Kingdom
United States"
"2015
(69th)",Spotlight,Tom McCarthy,"Blye Pagon Faust, Steve Golin, Nicole Rocklin, Michael Sugar",United States
"2016
(70th)",La La Land,Damien Chazelle,"Fred Berger, Jordan Horowitz, Marc Platt",United States
"2016
(70th)",Arrival,Denis Villeneuve,"Dan Levine, Shawn Levy, David Linde, Aaron Ryder",United States
"2016
(70th)","I, Daniel Blake",Ken Loach,Rebecca O'Brien,United Kingdom
"2016
(70th)",Manchester by the Sea,Kenneth Lonergan,"Lauren Beck, Matt Damon, Chris Moore, Kimberly Steward, Kevin J. Walsh",United States
"2016
(70th)",Moonlight,Barry Jenkins,"Dede Gardner, Jeremy Kleiner, Adele Romanski",United States
"2017
(71st)","Three Billboards Outside Ebbing, Missouri",Martin McDonagh,"Graham Broadbent, Pete Czernin, Martin McDonagh","United States
United Kingdom"
"2017
(71st)",Call Me by Your Name,Luca Guadagnino,"Emilie Georges, Luca Guadagnino, Marco Morabito, Peter Spears","Italy
United States
France"
"2017
(71st)",Darkest Hour,Joe Wright,"Tim Bevan, Lisa Bruce, Eric Fellner, Anthony McCarten, Douglas Urbanski",United Kingdom
"2017
(71st)",Dunkirk,Christopher Nolan,"Christopher Nolan, Emma Thomas","United Kingdom
United States"
"2017
(71st)",The Shape of Water,Guillermo del Toro,"Guillermo del Toro, J. Miles Dale",United States
"2018
(72nd)",Roma,Alfonso Cuarón,"Alfonso Cuarón, Gabriela Rodriguez, Nicolas Celis",Mexico
"2018
(72nd)",BlacKkKlansman,Spike Lee,"Jason Blum, Spike Lee, Raymond Mansfield, Sean McKittrick, Jordan Peele, Shaun Redick",United States
"2018
(72nd)",The Favourite,Yorgos Lanthimos,"Cecil Dempsey, Ed Guiney, Lee Magiday, Yorgos Lanthimos","United Kingdom
United States"
"2018
(72nd)",Green Book,Peter Farrelly,"Jim Burke, Brian Hayes Currie,  Peter Farrelly, Nick Vallelonga, Charles B. Wessler",United States
"2018
(72nd)",A Star Is Born,Bradley Cooper,"Bill Gerber, Lynette Howell Taylor",United States
"2019
(73rd)",1917,Sam Mendes,"Pippa Harris, Callum McDougall, Sam Mendes, Jayne-Ann Tenggren","United Kingdom
United States"
"2019
(73rd)",The Irishman,Martin Scorsese,"Robert De Niro, Jane Rosenthal, Martin Scorsese, Emma Tillinger Koskoff",United States
"2019
(73rd)",Joker,Todd Phillips,"Bradley Cooper, Todd Phillips, Emma Tillinger Koskoff",United States
"2019
(73rd)",Once Upon a Time...in Hollywood,Quentin Tarantino,"David Heyman, Shannon McIntosh, Quentin Tarantino","United States
United Kingdom"
"2019
(73rd)",Parasite,Bong Joon-ho,"Bong Joon-ho, Kwak Sin-ae",South Korea
"2020
(74th)",Nomadland,Chloé Zhao,"Frances McDormand, Peter Spears, Mollye Asher, Dan Janvey, Chloé Zhao",United States
"2020
(74th)",The Father,Florian Zeller,"David Parfitt, Jean-Louis Livi, Philippe Carcassonne",United Kingdom
"2020
(74th)",The Mauritanian,Kevin Macdonald,"Adam Ackland, Leah Clarke, Christine Holder, Beatriz Levin, Lloyd Levin","United Kingdom
United States"
"2020
(74th)",Promising Young Woman,Emerald Fennell,"Josey McNamara, Ben Browning, Ashley Fox, Emerald Fennell",United States
"2020
(74th)",The Trial of the Chicago 7,Aaron Sorkin,"Stuart M. Besser, Marc Platt",United States
"2021
(75th)",The Power of the Dog,Jane Campion,"Jane Campion, Iain Canning, Roger Frappier, Tanya Seghatchian, Emile Sherman","Australia
New Zealand
United States
United Kingdom
Canada"
"2021
(75th)",Belfast,Kenneth Branagh,"Laura Berwick [de], Kenneth Branagh, Becca Kovacik [de], Tamar Thomas [de]",United Kingdom
"2021
(75th)",Don't Look Up,Adam McKay,"Adam McKay, Kevin Messick",United States
"2021
(75th)",Dune,Denis Villeneuve,"Mary Parent, Cayle Boyter, Denis Villeneuve",United States
"2021
(75th)",Licorice Pizza,Paul Thomas Anderson,"Sara Murphy, Paul Thomas Anderson, Adam Somner","United States
Canada"
"2022
(76th)",All Quiet on the Western Front,Edward Berger,Malte Grunert,Germany
"2022
(76th)",The Banshees of Inisherin,Martin McDonagh,"Graham Broadbent, Peter Czernin, Martin McDonagh","Ireland
United Kingdom
United States"
"2022
(76th)",Elvis,Baz Luhrmann,"Gail Berman, Baz Luhrmann, Catherine Martin, Patrick McCormick [de], Schuyler Weiss [de]","Australia
United States"
"2022
(76th)",Everything Everywhere All at Once,"Daniel Kwan, Daniel Scheinert","Daniel Kwan, Daniel Scheinert, Jonathan Wang",United States
"2022
(76th)",Tár,Todd Field,"Todd Field, Scott Lambert [de], Alexandra Milchan","United States
Germany"
"2023
(77th)",Oppenheimer,Christopher Nolan,"Emma Thomas, Charles Roven, Christopher Nolan",United States
"2023
(77th)",Anatomy of a Fall,Justine Triet,"Marie-Ange Luciani, David Thion",France
"2023
(77th)",The Holdovers,Alexander Payne,"Mark Johnson, Bill Block, David Hemingson",United States
"2023
(77th)",Killers of the Flower Moon,Martin Scorsese,"Dan Friedkin, Bradley Thomas, Martin Scorsese, Daniel Lupi",United States
"2023
(77th)",Poor Things,Yorgos Lanthimos,"Ed Guiney, Andrew Lowe, Yorgos Lanthimos, Emma Stone","Ireland
United Kingdom
United States"
"2024
(78th)",Conclave,Edward Berger,"Tessa Ross, Juliette Howell, Michael A. Jackman","United Kingdom
United States"
"2024
(78th)",Anora,Sean Baker,"Alex Coco, Samantha Quan, Sean Baker",United States
"2024
(78th)",The Brutalist,Brady Corbet,"Nick Gordon, Brian Young, Andrew Morrison, D.J. Gugenheim, Brady Corbet","Hungary
United Kingdom
United States"
"2024
(78th)",A Complete Unknown,James Mangold,"Fred Berger, Alex Heineman, James Mangold",United States
"2024
(78th)",Emilia Pérez,Jacques Audiard,"Pascal Caucheteux, Jacques Audiard",France